education,urban,gender,engnat,age,hand,religion,voted,married,familysize,major,subject_id
4.0,2.0,2.0,1.0,50.0,1.0,1.0,1.0,1.0,3.0,biophysics,1
3.0,1.0,2.0,2.0,22.0,1.0,1.0,1.0,1.0,2.0,biology,2
2.0,3.0,1.0,1.0,18.0,1.0,1.0,2.0,1.0,3.0,Geology,5
2.0,2.0,1.0,1.0,18.0,2.0,1.0,2.0,1.0,2.0,,6
2.0,2.0,2.0,1.0,21.0,1.0,12.0,1.0,1.0,3.0,,7
3.0,2.0,2.0,1.0,25.0,1.0,7.0,2.0,1.0,4.0,psychology,8
1.0,2.0,3.0,2.0,17.0,1.0,1.0,2.0,1.0,3.0,,9
2.0,1.0,3.0,1.0,15.0,1.0,2.0,2.0,1.0,1.0,,10
3.0,1.0,1.0,1.0,31.0,2.0,2.0,2.0,2.0,2.0,information technology,14
2.0,2.0,2.0,1.0,39.0,1.0,2.0,2.0,3.0,1.0,Digital Media,15
1.0,2.0,2.0,2.0,15.0,1.0,2.0,2.0,1.0,2.0,,19
2.0,3.0,2.0,1.0,20.0,1.0,2.0,2.0,1.0,3.0,chemical engineering,22
1.0,2.0,1.0,1.0,17.0,1.0,1.0,2.0,1.0,3.0,,26
3.0,2.0,1.0,1.0,50.0,2.0,2.0,2.0,1.0,2.0,Math,27
1.0,3.0,1.0,1.0,15.0,1.0,7.0,2.0,1.0,4.0,,29
2.0,3.0,1.0,1.0,43.0,1.0,2.0,1.0,1.0,3.0,,36
4.0,3.0,1.0,2.0,17.0,1.0,4.0,2.0,1.0,1.0,Math,38
2.0,2.0,2.0,2.0,18.0,1.0,2.0,2.0,1.0,2.0,,39
1.0,3.0,2.0,2.0,16.0,1.0,1.0,2.0,1.0,2.0,,42
2.0,2.0,2.0,1.0,17.0,1.0,12.0,2.0,1.0,2.0,,44
1.0,2.0,2.0,1.0,15.0,1.0,1.0,2.0,1.0,2.0,none,45
3.0,3.0,2.0,2.0,37.0,1.0,2.0,2.0,1.0,2.0,biochemistry,46
2.0,3.0,1.0,1.0,20.0,1.0,4.0,2.0,1.0,2.0,Software Engineering,47
2.0,2.0,3.0,1.0,19.0,1.0,2.0,1.0,1.0,1.0,,48
3.0,2.0,2.0,2.0,21.0,1.0,2.0,1.0,1.0,1.0,Art,49
2.0,2.0,2.0,1.0,18.0,3.0,12.0,2.0,1.0,2.0,,50
4.0,2.0,1.0,1.0,56.0,1.0,4.0,1.0,2.0,2.0,history,53
2.0,1.0,2.0,2.0,22.0,1.0,1.0,1.0,1.0,2.0,psychology,54
3.0,3.0,1.0,1.0,32.0,3.0,12.0,2.0,1.0,3.0,Internet Computing,55
4.0,2.0,1.0,1.0,49.0,1.0,6.0,1.0,1.0,3.0,engineering,56
1.0,3.0,1.0,2.0,14.0,1.0,2.0,2.0,1.0,2.0,,57
3.0,2.0,2.0,2.0,39.0,1.0,1.0,1.0,2.0,1.0,psychology,58
2.0,2.0,2.0,1.0,17.0,1.0,6.0,2.0,1.0,3.0,,61
1.0,2.0,1.0,2.0,14.0,3.0,4.0,2.0,1.0,2.0,,62
3.0,0.0,1.0,1.0,44.0,0.0,0.0,0.0,0.0,0.0,,65
3.0,2.0,1.0,1.0,29.0,1.0,1.0,2.0,1.0,1.0,Physics,66
2.0,3.0,1.0,1.0,15.0,1.0,7.0,2.0,1.0,3.0,,69
3.0,1.0,2.0,1.0,29.0,1.0,1.0,2.0,2.0,2.0,English,70
3.0,1.0,1.0,1.0,46.0,2.0,1.0,1.0,3.0,2.0,Comp Sci and Math,71
1.0,2.0,2.0,2.0,14.0,1.0,7.0,2.0,1.0,4.0,,72
0.0,2.0,1.0,2.0,36.0,1.0,3.0,2.0,3.0,3.0,Chemistry,75
1.0,3.0,1.0,1.0,50.0,1.0,2.0,1.0,2.0,4.0,,76
2.0,2.0,2.0,1.0,21.0,1.0,7.0,2.0,1.0,4.0,German,77
1.0,2.0,2.0,1.0,14.0,2.0,8.0,2.0,1.0,3.0,,79
0.0,2.0,1.0,1.0,45.0,2.0,6.0,2.0,2.0,3.0,Computer Information Systens,84
3.0,3.0,1.0,1.0,23.0,1.0,2.0,1.0,1.0,3.0,history,85
2.0,3.0,2.0,2.0,17.0,1.0,2.0,2.0,1.0,2.0,,89
3.0,2.0,1.0,2.0,37.0,1.0,1.0,1.0,2.0,2.0,Business,91
2.0,1.0,1.0,1.0,14.0,1.0,2.0,2.0,1.0,1.0,Astrophysics,93
4.0,2.0,2.0,1.0,42.0,1.0,12.0,2.0,2.0,5.0,Education,95
2.0,1.0,1.0,1.0,19.0,1.0,2.0,1.0,1.0,2.0,Engineering,96
0.0,1.0,2.0,1.0,17.0,1.0,1.0,2.0,1.0,2.0,,97
3.0,2.0,2.0,1.0,57.0,1.0,1.0,1.0,3.0,3.0,Art,98
2.0,3.0,2.0,2.0,20.0,1.0,1.0,1.0,1.0,2.0,,103
2.0,2.0,3.0,1.0,16.0,1.0,7.0,2.0,1.0,2.0,,104
2.0,3.0,2.0,1.0,20.0,2.0,1.0,2.0,1.0,2.0,,105
1.0,3.0,2.0,1.0,18.0,1.0,2.0,2.0,1.0,1.0,,107
1.0,2.0,1.0,1.0,16.0,1.0,7.0,2.0,1.0,3.0,,108
2.0,2.0,1.0,1.0,16.0,1.0,2.0,2.0,1.0,2.0,,110
3.0,1.0,1.0,2.0,25.0,0.0,10.0,1.0,3.0,5.0,,114
3.0,2.0,2.0,1.0,72.0,1.0,1.0,2.0,3.0,4.0,art history and psychology,115
2.0,3.0,1.0,2.0,29.0,1.0,0.0,2.0,1.0,1.0,,118
2.0,3.0,1.0,2.0,20.0,1.0,4.0,2.0,1.0,1.0,mechanical engineering,119
2.0,2.0,3.0,1.0,14.0,1.0,2.0,2.0,1.0,2.0,,125
3.0,2.0,2.0,1.0,63.0,1.0,6.0,1.0,3.0,4.0,history,126
4.0,3.0,1.0,2.0,44.0,1.0,4.0,1.0,2.0,2.0,Biology,128
1.0,2.0,2.0,1.0,15.0,1.0,7.0,2.0,1.0,1.0,,132
2.0,2.0,2.0,1.0,18.0,1.0,1.0,2.0,1.0,1.0,,135
2.0,1.0,1.0,2.0,27.0,1.0,7.0,2.0,1.0,0.0,Psychology,136
1.0,2.0,2.0,2.0,17.0,1.0,4.0,2.0,1.0,2.0,,140
1.0,3.0,2.0,1.0,14.0,1.0,1.0,2.0,1.0,3.0,,142
4.0,2.0,1.0,1.0,59.0,1.0,1.0,2.0,2.0,3.0,Chemistry,144
3.0,2.0,2.0,1.0,21.0,1.0,7.0,1.0,1.0,2.0,history,148
2.0,3.0,1.0,1.0,20.0,1.0,1.0,1.0,1.0,2.0,Chemistry,149
2.0,3.0,2.0,1.0,18.0,1.0,1.0,2.0,1.0,2.0,,152
4.0,2.0,2.0,1.0,25.0,2.0,1.0,1.0,1.0,2.0,Library science ,153
2.0,3.0,2.0,2.0,17.0,1.0,4.0,2.0,1.0,4.0,Architecture,154
1.0,2.0,1.0,1.0,15.0,1.0,12.0,2.0,1.0,3.0,,155
1.0,1.0,2.0,2.0,16.0,2.0,8.0,2.0,1.0,2.0,,156
3.0,3.0,1.0,2.0,22.0,1.0,2.0,2.0,1.0,1.0,Computing,157
3.0,3.0,2.0,1.0,21.0,1.0,4.0,1.0,1.0,1.0,Occupational Therapy,159
3.0,3.0,1.0,1.0,18.0,1.0,4.0,2.0,1.0,2.0,Engineering,161
1.0,3.0,2.0,2.0,15.0,2.0,12.0,2.0,1.0,1.0,architecture,163
2.0,1.0,2.0,1.0,18.0,1.0,6.0,2.0,1.0,2.0,Early Childhood Education,164
3.0,1.0,1.0,2.0,22.0,1.0,7.0,2.0,1.0,2.0,processing animal products ( food technology ,166
3.0,1.0,1.0,2.0,33.0,1.0,2.0,1.0,1.0,2.0,Statistics,167
4.0,2.0,2.0,1.0,22.0,1.0,4.0,2.0,1.0,2.0,English,168
3.0,3.0,2.0,1.0,27.0,1.0,0.0,2.0,1.0,1.0,Physical Education,169
3.0,1.0,2.0,1.0,38.0,0.0,7.0,2.0,0.0,1.0,general education ,172
2.0,3.0,1.0,2.0,19.0,1.0,1.0,2.0,1.0,2.0,Computer Science,175
2.0,2.0,1.0,2.0,21.0,1.0,4.0,1.0,1.0,1.0,,180
1.0,1.0,3.0,1.0,17.0,3.0,9.0,2.0,1.0,5.0,,182
2.0,2.0,1.0,1.0,24.0,1.0,1.0,2.0,1.0,2.0,Commerce,183
2.0,3.0,1.0,1.0,38.0,1.0,1.0,2.0,1.0,2.0,,188
4.0,2.0,2.0,1.0,31.0,1.0,2.0,2.0,3.0,2.0,Social work,190
3.0,3.0,1.0,1.0,38.0,1.0,1.0,2.0,2.0,3.0,Mechanical and electrical engineering,193
2.0,3.0,2.0,2.0,18.0,1.0,10.0,2.0,1.0,7.0,music directors,194
3.0,2.0,1.0,1.0,29.0,1.0,7.0,2.0,2.0,2.0,IT,202
1.0,1.0,1.0,1.0,14.0,1.0,12.0,2.0,1.0,2.0,,203
3.0,1.0,2.0,2.0,24.0,1.0,7.0,1.0,1.0,2.0,History,204
2.0,2.0,1.0,1.0,19.0,1.0,2.0,1.0,1.0,2.0,,205
3.0,2.0,2.0,1.0,32.0,1.0,1.0,2.0,1.0,4.0,Psychology,206
1.0,1.0,2.0,1.0,14.0,1.0,1.0,2.0,1.0,4.0,,207
2.0,3.0,1.0,1.0,16.0,1.0,2.0,2.0,1.0,2.0,,209
3.0,3.0,2.0,2.0,22.0,1.0,2.0,1.0,1.0,2.0,chemistry engineering,211
1.0,1.0,1.0,1.0,17.0,1.0,1.0,2.0,1.0,2.0,,212
2.0,1.0,3.0,1.0,18.0,1.0,6.0,1.0,3.0,4.0,,213
1.0,3.0,2.0,1.0,15.0,2.0,12.0,2.0,1.0,3.0,,215
2.0,3.0,1.0,1.0,25.0,3.0,2.0,1.0,1.0,2.0,,216
3.0,1.0,2.0,2.0,23.0,1.0,4.0,1.0,1.0,5.0,agri+AC0-business management,219
2.0,2.0,2.0,1.0,17.0,1.0,6.0,2.0,1.0,1.0,,220
2.0,2.0,1.0,1.0,37.0,1.0,1.0,2.0,2.0,2.0,,222
1.0,3.0,2.0,2.0,16.0,1.0,7.0,2.0,1.0,2.0,computer science,223
2.0,3.0,1.0,1.0,21.0,1.0,6.0,2.0,1.0,2.0,Law,224
3.0,2.0,2.0,1.0,47.0,1.0,6.0,1.0,1.0,0.0,medical transcription,229
1.0,2.0,2.0,1.0,17.0,2.0,7.0,2.0,1.0,3.0,,230
2.0,1.0,2.0,1.0,17.0,1.0,7.0,2.0,1.0,4.0,,231
2.0,3.0,2.0,2.0,18.0,3.0,4.0,2.0,1.0,2.0,,237
2.0,2.0,1.0,1.0,19.0,1.0,2.0,2.0,1.0,3.0,,239
2.0,2.0,1.0,1.0,20.0,1.0,1.0,2.0,1.0,2.0,Computer Science,240
2.0,2.0,1.0,2.0,17.0,2.0,4.0,2.0,1.0,3.0,Agricultural Economics,241
4.0,1.0,1.0,2.0,41.0,1.0,4.0,2.0,2.0,4.0,Languages,243
1.0,3.0,2.0,2.0,14.0,1.0,7.0,2.0,1.0,3.0,,244
3.0,3.0,2.0,2.0,22.0,1.0,1.0,2.0,1.0,3.0,psychology,247
2.0,3.0,2.0,1.0,29.0,1.0,6.0,2.0,1.0,2.0,economics,248
3.0,3.0,2.0,1.0,58.0,1.0,2.0,1.0,1.0,1.0,Linguistics,253
2.0,3.0,1.0,1.0,14.0,2.0,2.0,2.0,1.0,1.0,,256
2.0,3.0,2.0,1.0,23.0,1.0,2.0,2.0,1.0,3.0,,257
1.0,2.0,2.0,1.0,15.0,1.0,6.0,2.0,1.0,3.0,Chemistry ,262
2.0,2.0,2.0,1.0,15.0,1.0,2.0,2.0,1.0,2.0,,263
3.0,2.0,1.0,1.0,29.0,1.0,2.0,1.0,1.0,5.0,Criminal Justice,264
2.0,1.0,2.0,1.0,18.0,2.0,2.0,2.0,1.0,3.0,,266
3.0,3.0,1.0,1.0,33.0,1.0,2.0,1.0,1.0,2.0,Mathematics,267
2.0,1.0,2.0,2.0,20.0,3.0,12.0,2.0,1.0,3.0,,268
2.0,3.0,2.0,2.0,19.0,1.0,8.0,2.0,1.0,2.0,nursing,269
2.0,1.0,2.0,2.0,18.0,1.0,10.0,2.0,1.0,4.0,Medical,275
3.0,3.0,3.0,1.0,25.0,1.0,12.0,2.0,1.0,2.0,art,276
2.0,3.0,3.0,1.0,18.0,1.0,2.0,2.0,1.0,2.0,Art,277
2.0,2.0,1.0,1.0,17.0,1.0,2.0,2.0,1.0,4.0,,279
3.0,1.0,1.0,2.0,26.0,1.0,12.0,2.0,1.0,14.0,paraspsychology,280
3.0,2.0,1.0,1.0,64.0,1.0,12.0,1.0,2.0,5.0,Engineering,281
2.0,1.0,2.0,1.0,19.0,1.0,4.0,1.0,1.0,2.0,Health Science,283
1.0,3.0,2.0,2.0,16.0,1.0,2.0,2.0,1.0,3.0,,285
2.0,3.0,1.0,1.0,18.0,1.0,1.0,2.0,1.0,1.0,,286
0.0,3.0,1.0,2.0,24.0,1.0,6.0,1.0,1.0,6.0,Civil engineering,289
3.0,1.0,2.0,1.0,21.0,1.0,1.0,2.0,1.0,1.0,Nursing,290
2.0,2.0,1.0,1.0,19.0,1.0,1.0,2.0,1.0,3.0,Electronic Engineering +ACY- Physics,292
2.0,2.0,2.0,1.0,19.0,1.0,1.0,2.0,1.0,2.0,,293
2.0,3.0,1.0,2.0,18.0,1.0,3.0,2.0,1.0,1.0,Physics,294
3.0,1.0,3.0,2.0,33.0,2.0,1.0,1.0,1.0,2.0,Computer Science,295
2.0,2.0,2.0,1.0,18.0,3.0,12.0,2.0,1.0,3.0,,299
2.0,3.0,2.0,2.0,16.0,1.0,2.0,2.0,1.0,1.0,,300
3.0,1.0,2.0,2.0,21.0,2.0,12.0,2.0,1.0,4.0,Orthopedagogiek ,302
3.0,2.0,1.0,1.0,22.0,1.0,1.0,2.0,1.0,1.0,philosophy,303
4.0,2.0,1.0,1.0,58.0,1.0,9.0,2.0,3.0,4.0,anthropology,304
1.0,2.0,2.0,1.0,15.0,3.0,6.0,2.0,1.0,3.0,,305
3.0,2.0,1.0,1.0,23.0,1.0,6.0,2.0,1.0,2.0,Photography,307
2.0,1.0,2.0,2.0,18.0,1.0,1.0,2.0,1.0,1.0,,309
2.0,2.0,1.0,2.0,25.0,1.0,1.0,2.0,1.0,1.0,,310
2.0,2.0,1.0,2.0,18.0,1.0,1.0,2.0,1.0,2.0,,311
2.0,2.0,1.0,1.0,26.0,1.0,1.0,2.0,1.0,2.0,Psychology,320
4.0,2.0,1.0,2.0,29.0,1.0,2.0,2.0,1.0,3.0,Business Management,322
4.0,3.0,1.0,1.0,48.0,1.0,2.0,1.0,2.0,2.0,biology,324
1.0,3.0,3.0,2.0,17.0,1.0,2.0,2.0,1.0,2.0,,328
2.0,2.0,1.0,1.0,20.0,1.0,2.0,1.0,1.0,1.0,Economics,329
3.0,3.0,2.0,2.0,32.0,1.0,2.0,1.0,1.0,3.0,biochemistry,330
2.0,1.0,1.0,1.0,18.0,1.0,1.0,1.0,1.0,3.0,,332
3.0,2.0,1.0,2.0,20.0,1.0,2.0,1.0,1.0,4.0,Philosophy,334
2.0,2.0,2.0,1.0,52.0,1.0,7.0,1.0,2.0,8.0,Computers ,335
3.0,1.0,1.0,2.0,26.0,1.0,7.0,2.0,1.0,6.0,physics,336
1.0,2.0,2.0,2.0,14.0,1.0,2.0,2.0,1.0,2.0,,337
2.0,1.0,1.0,2.0,19.0,1.0,2.0,1.0,1.0,3.0,,338
3.0,3.0,2.0,1.0,22.0,1.0,2.0,2.0,1.0,2.0,Electrical Engineeirng,339
3.0,2.0,1.0,1.0,27.0,3.0,2.0,2.0,1.0,2.0,Computer science,341
2.0,2.0,1.0,1.0,17.0,1.0,12.0,2.0,1.0,3.0,Computer Science,343
3.0,1.0,2.0,1.0,43.0,1.0,3.0,1.0,2.0,2.0,Healthcare ,345
3.0,2.0,1.0,1.0,25.0,1.0,1.0,2.0,1.0,1.0,Information tech,347
2.0,1.0,2.0,2.0,19.0,1.0,6.0,1.0,1.0,3.0,,349
2.0,2.0,2.0,1.0,20.0,1.0,1.0,2.0,1.0,1.0,Elementary Education,353
1.0,3.0,2.0,2.0,14.0,1.0,10.0,2.0,1.0,3.0,,356
2.0,2.0,1.0,1.0,16.0,1.0,4.0,2.0,1.0,2.0,,361
3.0,1.0,2.0,2.0,19.0,1.0,7.0,2.0,1.0,2.0,Tourism management,362
2.0,3.0,1.0,1.0,69.0,1.0,2.0,2.0,1.0,2.0,,363
4.0,2.0,2.0,1.0,46.0,1.0,6.0,2.0,3.0,2.0,Natural Sciences,365
4.0,2.0,2.0,1.0,52.0,1.0,2.0,1.0,3.0,5.0,Industrial Engineering and Education,367
1.0,2.0,2.0,2.0,16.0,1.0,12.0,2.0,1.0,2.0,,368
4.0,2.0,1.0,1.0,33.0,1.0,7.0,1.0,1.0,2.0,Business,370
3.0,3.0,2.0,2.0,19.0,1.0,1.0,2.0,1.0,2.0,psychology,371
2.0,3.0,2.0,1.0,26.0,1.0,2.0,1.0,1.0,1.0,Creative writing,377
2.0,2.0,1.0,1.0,18.0,1.0,1.0,2.0,1.0,2.0,,378
1.0,2.0,1.0,2.0,20.0,1.0,1.0,2.0,1.0,1.0,,381
2.0,3.0,2.0,2.0,16.0,1.0,12.0,2.0,1.0,3.0,,383
4.0,2.0,1.0,1.0,50.0,1.0,6.0,2.0,2.0,2.0,Science,387
3.0,2.0,2.0,1.0,53.0,1.0,6.0,2.0,2.0,2.0,Nursing,388
4.0,3.0,2.0,1.0,25.0,1.0,2.0,1.0,1.0,1.0,cognitive science,391
4.0,2.0,2.0,1.0,18.0,2.0,1.0,1.0,1.0,2.0,,392
2.0,3.0,1.0,1.0,21.0,1.0,4.0,1.0,1.0,2.0,Classics,395
2.0,1.0,2.0,2.0,18.0,1.0,2.0,2.0,1.0,2.0,sociology,396
1.0,2.0,3.0,2.0,16.0,1.0,2.0,2.0,1.0,1.0,,403
3.0,1.0,1.0,1.0,21.0,1.0,2.0,2.0,1.0,3.0,neuroscience,411
4.0,2.0,2.0,1.0,23.0,1.0,2.0,2.0,1.0,2.0,Linguistics,415
2.0,2.0,3.0,1.0,20.0,1.0,2.0,2.0,1.0,2.0,,416
2.0,3.0,2.0,1.0,16.0,1.0,2.0,2.0,1.0,3.0,,419
2.0,2.0,2.0,1.0,34.0,1.0,4.0,2.0,2.0,3.0,general,422
2.0,1.0,2.0,1.0,18.0,1.0,7.0,2.0,2.0,3.0,Business,424
1.0,3.0,2.0,1.0,14.0,1.0,1.0,2.0,1.0,4.0,,425
3.0,2.0,2.0,1.0,23.0,2.0,1.0,1.0,1.0,1.0,Communications,426
2.0,3.0,1.0,2.0,19.0,1.0,1.0,1.0,1.0,2.0,engineering,427
1.0,3.0,2.0,2.0,17.0,1.0,4.0,2.0,1.0,2.0,,428
2.0,1.0,2.0,2.0,26.0,1.0,12.0,2.0,1.0,3.0,,433
2.0,3.0,1.0,1.0,18.0,1.0,2.0,2.0,1.0,4.0,,434
1.0,3.0,2.0,1.0,18.0,1.0,10.0,2.0,0.0,2.0,,437
1.0,1.0,1.0,2.0,16.0,1.0,10.0,2.0,1.0,2.0,,438
2.0,1.0,2.0,1.0,17.0,1.0,2.0,1.0,1.0,2.0,,440
1.0,1.0,3.0,1.0,16.0,3.0,12.0,2.0,1.0,2.0,,441
1.0,2.0,2.0,1.0,15.0,1.0,1.0,2.0,1.0,2.0,,442
3.0,2.0,2.0,1.0,23.0,1.0,12.0,1.0,1.0,2.0,Music,444
2.0,2.0,1.0,1.0,18.0,2.0,12.0,2.0,1.0,3.0,Aerospace Engineer ,445
4.0,1.0,2.0,1.0,88.0,1.0,4.0,2.0,2.0,3.0,english,449
2.0,3.0,1.0,2.0,19.0,1.0,4.0,2.0,1.0,5.0,,451
4.0,1.0,1.0,1.0,30.0,3.0,2.0,1.0,2.0,2.0,Business,452
1.0,3.0,2.0,1.0,17.0,1.0,2.0,2.0,1.0,4.0,,453
3.0,1.0,2.0,1.0,24.0,3.0,2.0,2.0,1.0,0.0,geology,455
2.0,3.0,1.0,2.0,25.0,1.0,0.0,1.0,1.0,2.0,,457
3.0,2.0,1.0,1.0,18.0,1.0,2.0,1.0,1.0,3.0,Economics,458
2.0,2.0,3.0,1.0,19.0,1.0,6.0,2.0,1.0,2.0,Biomedical,459
3.0,2.0,2.0,1.0,23.0,1.0,1.0,2.0,1.0,2.0,Geography and Politics,460
3.0,3.0,2.0,1.0,22.0,1.0,6.0,2.0,1.0,3.0,psychology,462
4.0,3.0,2.0,1.0,49.0,1.0,4.0,1.0,2.0,6.0,political science,464
1.0,2.0,2.0,1.0,16.0,2.0,6.0,2.0,1.0,2.0,,466
2.0,3.0,1.0,1.0,19.0,1.0,4.0,2.0,1.0,3.0,,467
2.0,2.0,2.0,1.0,25.0,3.0,6.0,2.0,1.0,1.0,,468
2.0,2.0,2.0,1.0,19.0,1.0,2.0,2.0,1.0,5.0,,469
2.0,1.0,2.0,1.0,18.0,1.0,1.0,2.0,1.0,3.0,Political science,470
4.0,3.0,1.0,2.0,33.0,1.0,2.0,1.0,2.0,4.0,Communication,471
2.0,3.0,1.0,1.0,19.0,1.0,12.0,2.0,1.0,3.0,computer sciences,476
4.0,2.0,1.0,1.0,45.0,1.0,12.0,2.0,1.0,1.0,physiology,477
1.0,3.0,2.0,1.0,17.0,2.0,12.0,2.0,1.0,1.0,,478
1.0,1.0,2.0,1.0,15.0,3.0,12.0,2.0,1.0,2.0,,480
2.0,2.0,2.0,1.0,18.0,1.0,7.0,2.0,1.0,2.0,,481
3.0,3.0,1.0,1.0,36.0,2.0,4.0,1.0,1.0,3.0,industrial engineering,482
2.0,2.0,2.0,2.0,18.0,1.0,12.0,2.0,1.0,3.0,,486
2.0,3.0,1.0,1.0,18.0,1.0,2.0,2.0,1.0,2.0,,488
2.0,2.0,2.0,1.0,18.0,1.0,12.0,2.0,1.0,1.0,,489
1.0,2.0,2.0,1.0,16.0,1.0,7.0,2.0,1.0,3.0,,492
3.0,3.0,1.0,1.0,23.0,1.0,12.0,2.0,1.0,2.0,Chemical Engineering,493
2.0,2.0,2.0,1.0,17.0,2.0,1.0,2.0,1.0,2.0,,495
3.0,2.0,2.0,1.0,24.0,1.0,1.0,1.0,1.0,3.0,PACS,498
3.0,2.0,2.0,1.0,24.0,1.0,12.0,2.0,1.0,2.0,English,500
2.0,3.0,2.0,1.0,23.0,1.0,6.0,1.0,1.0,0.0,English,501
3.0,1.0,2.0,2.0,24.0,1.0,2.0,1.0,1.0,1.0,comparative literature,505
3.0,3.0,2.0,1.0,21.0,1.0,11.0,2.0,1.0,2.0,Sports +ACY- Exercise Science,510
2.0,2.0,2.0,1.0,20.0,1.0,7.0,2.0,1.0,3.0,Psychology,513
2.0,3.0,2.0,1.0,21.0,1.0,4.0,2.0,1.0,1.0,,515
2.0,3.0,2.0,1.0,23.0,1.0,7.0,2.0,1.0,1.0,,516
1.0,2.0,2.0,1.0,16.0,1.0,2.0,2.0,1.0,2.0,,518
4.0,2.0,1.0,1.0,56.0,1.0,6.0,2.0,2.0,2.0,religion,520
3.0,2.0,1.0,1.0,33.0,1.0,2.0,2.0,2.0,3.0,business,521
1.0,3.0,2.0,2.0,16.0,1.0,1.0,2.0,1.0,1.0,,524
1.0,1.0,3.0,1.0,16.0,1.0,12.0,2.0,1.0,3.0,,527
1.0,3.0,2.0,1.0,15.0,1.0,4.0,2.0,1.0,2.0,,529
3.0,3.0,2.0,1.0,20.0,1.0,4.0,2.0,1.0,3.0,Nursing,530
2.0,2.0,2.0,1.0,20.0,1.0,1.0,2.0,1.0,2.0,Currently business,531
2.0,2.0,3.0,1.0,19.0,1.0,12.0,2.0,1.0,3.0,,533
2.0,2.0,2.0,1.0,18.0,3.0,1.0,2.0,1.0,3.0,,534
2.0,2.0,2.0,1.0,19.0,1.0,2.0,1.0,1.0,2.0,,535
2.0,1.0,2.0,1.0,19.0,1.0,2.0,1.0,1.0,2.0,,536
3.0,1.0,2.0,1.0,27.0,1.0,1.0,2.0,1.0,3.0,Electronic Media / Film,537
4.0,1.0,1.0,1.0,33.0,1.0,1.0,1.0,2.0,2.0,medicine,538
3.0,3.0,2.0,1.0,21.0,1.0,2.0,2.0,1.0,1.0,Biology ,540
2.0,2.0,3.0,1.0,19.0,1.0,4.0,2.0,1.0,3.0,Theatre,541
2.0,2.0,2.0,1.0,34.0,1.0,7.0,2.0,3.0,3.0,,542
4.0,2.0,1.0,1.0,24.0,1.0,4.0,2.0,1.0,1.0,English,543
4.0,2.0,2.0,1.0,55.0,1.0,9.0,1.0,2.0,3.0,,545
3.0,3.0,1.0,1.0,27.0,1.0,2.0,1.0,1.0,2.0,Psychology,546
2.0,2.0,2.0,1.0,20.0,1.0,1.0,2.0,1.0,0.0,psychology,547
3.0,2.0,2.0,2.0,26.0,2.0,1.0,1.0,1.0,2.0,Journalism,551
1.0,2.0,2.0,1.0,16.0,1.0,7.0,2.0,1.0,2.0,psychiatry ,552
2.0,2.0,2.0,2.0,17.0,1.0,12.0,2.0,1.0,1.0,,555
2.0,2.0,3.0,2.0,18.0,1.0,12.0,2.0,1.0,3.0,Art history,558
2.0,2.0,2.0,1.0,17.0,1.0,1.0,2.0,1.0,2.0,It will be engineering,559
2.0,3.0,3.0,2.0,16.0,0.0,12.0,2.0,1.0,1.0,,561
2.0,2.0,2.0,2.0,18.0,1.0,12.0,2.0,1.0,1.0,,562
2.0,3.0,1.0,1.0,20.0,2.0,6.0,2.0,1.0,3.0,Managerial Economics,564
2.0,1.0,1.0,1.0,29.0,1.0,12.0,1.0,1.0,3.0,,566
2.0,3.0,2.0,1.0,16.0,1.0,1.0,2.0,1.0,3.0,,567
3.0,1.0,1.0,2.0,28.0,1.0,2.0,2.0,1.0,2.0,English and psychology,569
2.0,3.0,1.0,2.0,18.0,1.0,1.0,2.0,1.0,2.0,,570
3.0,3.0,2.0,2.0,22.0,1.0,4.0,2.0,1.0,2.0,psychology,572
4.0,3.0,2.0,1.0,25.0,2.0,8.0,1.0,1.0,2.0,Politics,575
1.0,1.0,2.0,2.0,15.0,1.0,10.0,2.0,1.0,3.0,,576
2.0,3.0,2.0,2.0,18.0,1.0,12.0,2.0,1.0,2.0,,578
2.0,1.0,1.0,1.0,16.0,1.0,6.0,2.0,1.0,2.0,Physics,580
1.0,2.0,1.0,2.0,14.0,1.0,2.0,2.0,1.0,0.0,,583
4.0,3.0,1.0,1.0,25.0,1.0,1.0,2.0,1.0,2.0,Biology/Chemistry,584
4.0,2.0,2.0,1.0,33.0,1.0,12.0,1.0,2.0,2.0,Human resources,585
2.0,1.0,2.0,1.0,18.0,1.0,2.0,2.0,1.0,2.0,Political Science,586
2.0,1.0,2.0,1.0,22.0,1.0,6.0,1.0,1.0,2.0,computer repair,587
2.0,3.0,2.0,2.0,16.0,1.0,2.0,2.0,1.0,2.0,,588
2.0,1.0,1.0,1.0,21.0,2.0,2.0,2.0,1.0,2.0,,589
1.0,3.0,2.0,1.0,66.0,1.0,4.0,1.0,3.0,0.0,,590
4.0,1.0,2.0,1.0,28.0,1.0,1.0,2.0,1.0,4.0,Psychology,591
3.0,3.0,1.0,1.0,42.0,1.0,1.0,1.0,2.0,2.0,Computer Engineering,592
3.0,3.0,1.0,1.0,24.0,1.0,5.0,2.0,1.0,3.0,Biology,593
1.0,1.0,2.0,1.0,15.0,1.0,2.0,2.0,1.0,3.0,,594
2.0,2.0,2.0,2.0,46.0,1.0,1.0,1.0,3.0,1.0,,595
1.0,2.0,1.0,1.0,16.0,1.0,2.0,2.0,1.0,4.0,,596
1.0,3.0,2.0,1.0,16.0,1.0,1.0,2.0,1.0,1.0,,597
2.0,1.0,1.0,1.0,20.0,2.0,1.0,2.0,1.0,2.0,psychology,598
3.0,2.0,1.0,1.0,23.0,1.0,2.0,2.0,1.0,3.0,Graphics Engineering,601
3.0,3.0,1.0,2.0,27.0,1.0,10.0,1.0,1.0,3.0,Political Science,602
3.0,2.0,2.0,1.0,20.0,1.0,1.0,1.0,1.0,2.0,Computers,603
1.0,2.0,2.0,1.0,24.0,1.0,2.0,2.0,1.0,2.0,,604
1.0,1.0,2.0,1.0,16.0,1.0,1.0,2.0,1.0,4.0, None yet,605
2.0,2.0,2.0,1.0,20.0,1.0,6.0,2.0,1.0,4.0,psychology,614
2.0,1.0,2.0,1.0,16.0,1.0,12.0,2.0,1.0,2.0,,616
2.0,2.0,2.0,1.0,18.0,1.0,2.0,2.0,1.0,5.0,Mathematics,618
3.0,3.0,1.0,1.0,19.0,1.0,2.0,2.0,1.0,3.0,Civil Engineering ,619
4.0,1.0,2.0,1.0,60.0,1.0,6.0,2.0,2.0,4.0,social work,622
4.0,2.0,2.0,1.0,31.0,1.0,6.0,2.0,2.0,1.0,political science,624
3.0,2.0,2.0,1.0,41.0,2.0,10.0,2.0,2.0,10.0,Architecture,627
1.0,3.0,2.0,1.0,15.0,2.0,1.0,2.0,1.0,2.0,,629
3.0,2.0,2.0,1.0,18.0,1.0,6.0,2.0,1.0,3.0,mathmatics,635
1.0,2.0,2.0,1.0,15.0,1.0,2.0,2.0,1.0,2.0,,636
0.0,3.0,1.0,1.0,38.0,1.0,7.0,1.0,3.0,4.0,Psychology,637
2.0,1.0,1.0,1.0,28.0,1.0,7.0,2.0,1.0,1.0,N/A,638
2.0,2.0,1.0,1.0,16.0,1.0,1.0,2.0,1.0,2.0,,639
2.0,2.0,2.0,1.0,23.0,1.0,1.0,2.0,1.0,2.0,Biology ,640
3.0,2.0,2.0,1.0,29.0,1.0,1.0,1.0,2.0,2.0,Double major: Computer Science +ACY- Studio Art,641
3.0,2.0,2.0,1.0,38.0,2.0,10.0,2.0,2.0,10.0,molecular/cell bio +ACY- Arabic (dble mjr),644
2.0,3.0,1.0,1.0,15.0,1.0,2.0,2.0,1.0,4.0,,646
2.0,2.0,2.0,2.0,21.0,2.0,2.0,1.0,1.0,2.0,Electrical Engineering,649
2.0,3.0,3.0,1.0,26.0,3.0,12.0,2.0,2.0,5.0,,650
2.0,1.0,2.0,1.0,26.0,1.0,12.0,1.0,3.0,1.0,,651
3.0,3.0,2.0,2.0,22.0,1.0,6.0,2.0,1.0,2.0,linguistics,652
2.0,3.0,3.0,2.0,20.0,1.0,2.0,1.0,1.0,1.0,Arts,656
2.0,2.0,3.0,1.0,18.0,1.0,1.0,2.0,1.0,2.0,Art,658
2.0,2.0,3.0,1.0,18.0,1.0,1.0,2.0,1.0,5.0,,661
2.0,3.0,1.0,1.0,22.0,1.0,1.0,2.0,1.0,2.0,,665
2.0,3.0,2.0,1.0,20.0,1.0,7.0,2.0,1.0,10.0,Digital Media,666
3.0,2.0,2.0,1.0,46.0,1.0,4.0,1.0,1.0,2.0,Anthropology ,671
3.0,1.0,2.0,2.0,16.0,1.0,4.0,2.0,1.0,2.0,Civil Engineering,674
3.0,1.0,1.0,2.0,32.0,1.0,12.0,2.0,1.0,2.0,science,675
2.0,3.0,2.0,1.0,17.0,1.0,1.0,2.0,1.0,1.0,,676
2.0,3.0,2.0,2.0,21.0,1.0,10.0,1.0,1.0,5.0,,677
2.0,3.0,2.0,2.0,19.0,1.0,10.0,1.0,1.0,5.0,,678
1.0,2.0,3.0,1.0,16.0,1.0,1.0,2.0,1.0,2.0,,680
2.0,3.0,2.0,1.0,15.0,1.0,7.0,2.0,1.0,2.0,English,686
3.0,2.0,2.0,1.0,31.0,3.0,2.0,2.0,2.0,2.0,Psychology,687
4.0,1.0,2.0,2.0,23.0,1.0,7.0,2.0,1.0,4.0,Education,689
3.0,3.0,1.0,1.0,25.0,2.0,12.0,1.0,1.0,3.0,Business Economics,691
2.0,2.0,1.0,1.0,18.0,1.0,12.0,2.0,1.0,2.0,Liberal Arts,693
2.0,3.0,2.0,1.0,20.0,1.0,0.0,1.0,1.0,4.0,Psychology,696
2.0,2.0,2.0,1.0,18.0,2.0,1.0,2.0,1.0,1.0,hospitality,697
4.0,3.0,1.0,1.0,38.0,1.0,2.0,2.0,1.0,5.0,Art,700
3.0,1.0,1.0,2.0,25.0,1.0,10.0,2.0,1.0,8.0,Sport Science,703
3.0,1.0,2.0,1.0,25.0,1.0,7.0,1.0,1.0,2.0,Human Services,704
1.0,2.0,2.0,1.0,18.0,1.0,1.0,2.0,1.0,2.0,,706
1.0,1.0,2.0,1.0,15.0,1.0,2.0,2.0,1.0,3.0,,707
3.0,2.0,1.0,1.0,18.0,1.0,1.0,2.0,1.0,3.0,History,708
2.0,1.0,2.0,1.0,16.0,1.0,1.0,2.0,1.0,2.0,,710
3.0,0.0,2.0,1.0,22.0,1.0,1.0,1.0,1.0,1.0,English,711
2.0,2.0,1.0,1.0,20.0,1.0,1.0,2.0,1.0,3.0,Psychology,712
2.0,1.0,1.0,1.0,22.0,1.0,2.0,1.0,1.0,10.0,Film,714
1.0,3.0,1.0,1.0,15.0,1.0,8.0,2.0,1.0,2.0,,722
2.0,2.0,1.0,2.0,33.0,1.0,2.0,2.0,1.0,2.0,,723
2.0,1.0,2.0,1.0,22.0,1.0,12.0,2.0,1.0,4.0,,724
3.0,1.0,1.0,2.0,29.0,1.0,2.0,2.0,1.0,2.0,Psychology,730
3.0,3.0,2.0,1.0,30.0,1.0,2.0,1.0,1.0,1.0,Phiolosophy,732
2.0,3.0,2.0,1.0,38.0,1.0,7.0,2.0,3.0,4.0,,735
2.0,2.0,2.0,1.0,19.0,1.0,12.0,2.0,1.0,2.0,,736
1.0,1.0,2.0,1.0,14.0,1.0,1.0,2.0,1.0,2.0,,740
2.0,3.0,1.0,1.0,19.0,1.0,4.0,2.0,1.0,2.0,English,742
2.0,2.0,2.0,1.0,22.0,1.0,1.0,1.0,1.0,2.0,,743
2.0,2.0,2.0,1.0,17.0,1.0,1.0,2.0,1.0,1.0,Environmental Engineering,746
2.0,3.0,2.0,1.0,20.0,1.0,7.0,2.0,1.0,2.0,psychology,747
1.0,2.0,2.0,1.0,18.0,1.0,7.0,2.0,1.0,3.0,,752
2.0,2.0,2.0,1.0,18.0,1.0,1.0,2.0,1.0,3.0,,753
2.0,3.0,2.0,1.0,21.0,1.0,7.0,1.0,1.0,1.0,English ,754
3.0,2.0,2.0,1.0,19.0,1.0,7.0,2.0,1.0,1.0,Music,758
2.0,3.0,2.0,1.0,23.0,1.0,4.0,1.0,1.0,1.0,Music,759
2.0,3.0,2.0,1.0,23.0,1.0,12.0,2.0,1.0,3.0,,760
2.0,2.0,2.0,1.0,19.0,3.0,7.0,2.0,1.0,2.0,Psychology,763
2.0,3.0,2.0,1.0,17.0,1.0,2.0,2.0,1.0,6.0,,765
1.0,3.0,2.0,1.0,16.0,1.0,4.0,2.0,1.0,2.0,N/A,770
2.0,2.0,2.0,2.0,22.0,1.0,1.0,2.0,1.0,2.0,laboratory studies,773
2.0,3.0,1.0,1.0,17.0,1.0,2.0,2.0,1.0,3.0,,774
2.0,3.0,2.0,1.0,25.0,3.0,12.0,2.0,2.0,4.0,,777
1.0,3.0,2.0,1.0,16.0,1.0,2.0,2.0,1.0,2.0,,781
2.0,3.0,1.0,1.0,18.0,1.0,0.0,2.0,1.0,2.0,,787
2.0,2.0,2.0,1.0,21.0,2.0,2.0,2.0,1.0,1.0,Psychology,790
2.0,2.0,2.0,1.0,18.0,1.0,4.0,2.0,1.0,3.0,,791
2.0,2.0,1.0,1.0,16.0,1.0,1.0,2.0,1.0,2.0,,793
3.0,2.0,1.0,1.0,24.0,1.0,6.0,1.0,1.0,3.0,Music,794
4.0,1.0,1.0,2.0,34.0,1.0,6.0,2.0,1.0,2.0,chemical engineering,796
2.0,2.0,2.0,1.0,50.0,0.0,2.0,2.0,2.0,2.0,,800
3.0,1.0,1.0,1.0,21.0,2.0,2.0,2.0,1.0,1.0,Drama,802
3.0,2.0,2.0,2.0,43.0,2.0,12.0,1.0,1.0,1.0,Information Technology,803
1.0,2.0,2.0,1.0,17.0,1.0,1.0,2.0,1.0,1.0,,805
1.0,2.0,3.0,1.0,16.0,3.0,2.0,2.0,1.0,2.0,,806
3.0,2.0,1.0,1.0,21.0,1.0,4.0,1.0,1.0,4.0,Political Science,808
1.0,2.0,2.0,1.0,17.0,1.0,1.0,2.0,1.0,4.0,,809
3.0,1.0,1.0,1.0,22.0,1.0,2.0,2.0,1.0,1.0,civil engineering,811
2.0,1.0,1.0,1.0,22.0,1.0,12.0,2.0,1.0,1.0,,812
4.0,1.0,2.0,1.0,49.0,1.0,1.0,2.0,2.0,4.0,Physiology,814
4.0,2.0,2.0,2.0,60.0,1.0,4.0,1.0,2.0,4.0,Chemistry,816
3.0,3.0,2.0,1.0,30.0,1.0,1.0,1.0,1.0,5.0,education,817
2.0,2.0,2.0,2.0,18.0,3.0,7.0,2.0,1.0,2.0,,821
1.0,1.0,2.0,1.0,17.0,1.0,2.0,2.0,1.0,2.0,,823
2.0,2.0,2.0,1.0,18.0,1.0,0.0,0.0,0.0,0.0,,826
2.0,2.0,2.0,1.0,22.0,1.0,4.0,2.0,1.0,1.0,,830
1.0,2.0,1.0,1.0,15.0,2.0,3.0,2.0,1.0,2.0,,835
2.0,3.0,2.0,1.0,46.0,1.0,4.0,2.0,1.0,6.0,,836
2.0,3.0,2.0,1.0,22.0,1.0,2.0,2.0,1.0,2.0,,837
3.0,2.0,1.0,2.0,24.0,1.0,2.0,2.0,1.0,2.0,psychology +AC0- engineering,838
3.0,2.0,1.0,1.0,44.0,1.0,2.0,2.0,1.0,2.0,Computer Science,840
2.0,2.0,2.0,2.0,22.0,1.0,2.0,2.0,1.0,4.0,Physics,842
2.0,2.0,2.0,1.0,18.0,1.0,12.0,1.0,1.0,3.0,English,844
2.0,3.0,2.0,1.0,18.0,1.0,4.0,2.0,1.0,3.0,,846
2.0,2.0,2.0,1.0,17.0,1.0,6.0,2.0,1.0,2.0,Biology,849
2.0,1.0,2.0,1.0,27.0,1.0,12.0,2.0,1.0,3.0,Education,852
3.0,2.0,2.0,2.0,22.0,1.0,4.0,1.0,1.0,3.0,Medicine,857
4.0,2.0,2.0,2.0,24.0,1.0,8.0,1.0,2.0,1.0,Psychology,858
0.0,2.0,1.0,1.0,22.0,1.0,2.0,1.0,1.0,1.0,psychology crimminology,859
3.0,2.0,2.0,1.0,27.0,2.0,6.0,2.0,1.0,2.0,Psychology,861
2.0,2.0,2.0,1.0,22.0,1.0,12.0,2.0,1.0,5.0,Nursing,862
2.0,2.0,2.0,1.0,18.0,2.0,4.0,2.0,1.0,2.0,,864
2.0,2.0,1.0,1.0,46.0,1.0,1.0,2.0,2.0,1.0,,865
2.0,2.0,1.0,1.0,16.0,1.0,1.0,2.0,1.0,2.0,,868
2.0,3.0,2.0,2.0,20.0,1.0,4.0,2.0,1.0,1.0,,870
2.0,3.0,2.0,1.0,18.0,2.0,0.0,2.0,1.0,3.0,Psychology,877
3.0,1.0,2.0,2.0,23.0,1.0,10.0,2.0,1.0,5.0,Language,880
0.0,3.0,2.0,2.0,32.0,1.0,2.0,1.0,1.0,2.0,Zoology,881
2.0,3.0,2.0,1.0,23.0,1.0,2.0,1.0,1.0,2.0,,882
3.0,2.0,1.0,1.0,27.0,1.0,9.0,1.0,1.0,3.0,Economics ,883
3.0,2.0,2.0,1.0,24.0,1.0,3.0,1.0,1.0,2.0,Digital Media,884
3.0,2.0,2.0,1.0,25.0,1.0,3.0,1.0,1.0,2.0,Medical Sciences,885
3.0,3.0,2.0,1.0,41.0,1.0,1.0,1.0,3.0,4.0,Communication,886
2.0,2.0,2.0,1.0,17.0,1.0,4.0,2.0,1.0,1.0,,888
2.0,2.0,1.0,1.0,36.0,1.0,2.0,2.0,1.0,2.0,,893
2.0,2.0,3.0,2.0,17.0,2.0,12.0,2.0,1.0,2.0,fine arts,896
4.0,2.0,1.0,1.0,48.0,1.0,6.0,2.0,2.0,2.0,physics,897
3.0,2.0,2.0,1.0,21.0,1.0,6.0,2.0,1.0,5.0,psychology,898
2.0,2.0,2.0,1.0,19.0,1.0,4.0,2.0,1.0,3.0,Business Administration,899
2.0,3.0,1.0,1.0,63.0,1.0,4.0,2.0,1.0,6.0,liberal arts,900
4.0,2.0,1.0,1.0,90.0,1.0,4.0,2.0,2.0,2.0,education,904
2.0,1.0,2.0,2.0,21.0,1.0,1.0,2.0,1.0,6.0,,909
1.0,1.0,2.0,1.0,18.0,1.0,2.0,2.0,1.0,1.0,,910
3.0,3.0,1.0,1.0,31.0,1.0,2.0,1.0,1.0,3.0,Molecular Biology,912
3.0,2.0,2.0,1.0,22.0,1.0,1.0,2.0,1.0,2.0,accounting,915
1.0,3.0,2.0,2.0,15.0,1.0,4.0,2.0,1.0,2.0,,916
1.0,2.0,1.0,1.0,14.0,1.0,2.0,2.0,1.0,2.0,,917
2.0,2.0,2.0,2.0,17.0,1.0,2.0,2.0,1.0,2.0,,921
1.0,3.0,2.0,2.0,15.0,1.0,1.0,2.0,1.0,2.0,,924
2.0,2.0,1.0,1.0,24.0,1.0,4.0,1.0,1.0,1.0,Anthropology,925
3.0,1.0,2.0,1.0,46.0,1.0,7.0,1.0,2.0,3.0,Information Technolpgy,931
1.0,1.0,2.0,1.0,18.0,1.0,1.0,2.0,1.0,3.0,,932
2.0,1.0,1.0,2.0,19.0,1.0,3.0,2.0,1.0,1.0,,934
1.0,2.0,1.0,1.0,16.0,1.0,1.0,2.0,1.0,3.0,,936
3.0,2.0,2.0,2.0,53.0,1.0,6.0,2.0,2.0,4.0,Law,937
4.0,3.0,2.0,2.0,19.0,1.0,8.0,2.0,1.0,0.0,Biotechnology,939
1.0,2.0,2.0,1.0,14.0,1.0,2.0,2.0,1.0,4.0,,940
4.0,3.0,1.0,2.0,50.0,1.0,7.0,2.0,3.0,1.0,computers,942
1.0,3.0,1.0,1.0,17.0,1.0,12.0,2.0,1.0,2.0,,943
3.0,2.0,2.0,1.0,52.0,1.0,6.0,1.0,2.0,4.0,Psychology ,944
4.0,3.0,2.0,2.0,32.0,1.0,1.0,2.0,2.0,2.0,English,945
3.0,3.0,2.0,1.0,20.0,2.0,1.0,2.0,1.0,2.0,Computer Science,948
2.0,2.0,1.0,1.0,18.0,1.0,2.0,2.0,1.0,4.0,,951
1.0,2.0,2.0,1.0,15.0,1.0,2.0,2.0,1.0,3.0,,955
2.0,2.0,3.0,1.0,17.0,1.0,7.0,2.0,1.0,2.0,,956
3.0,2.0,1.0,1.0,53.0,1.0,2.0,2.0,2.0,5.0,Computer science,957
2.0,3.0,1.0,1.0,24.0,1.0,1.0,2.0,1.0,2.0,,959
4.0,3.0,1.0,2.0,37.0,1.0,2.0,1.0,1.0,3.0,Mathematics,960
1.0,3.0,1.0,2.0,19.0,1.0,2.0,1.0,1.0,1.0,,961
2.0,2.0,1.0,1.0,20.0,2.0,2.0,1.0,1.0,3.0,Music,962
2.0,3.0,1.0,1.0,20.0,1.0,2.0,2.0,1.0,1.0,,966
2.0,3.0,3.0,1.0,18.0,1.0,2.0,2.0,1.0,2.0,zoology,968
4.0,3.0,2.0,2.0,23.0,1.0,8.0,2.0,1.0,2.0,neurology,971
2.0,3.0,3.0,1.0,18.0,1.0,1.0,2.0,1.0,3.0,,972
4.0,3.0,1.0,1.0,31.0,1.0,2.0,1.0,2.0,2.0,psychology,974
0.0,1.0,2.0,2.0,42.0,1.0,4.0,1.0,2.0,2.0,Psychologia,975
3.0,1.0,2.0,2.0,28.0,1.0,4.0,2.0,1.0,3.0,Medicine,976
3.0,2.0,2.0,1.0,21.0,1.0,1.0,1.0,1.0,3.0,,977
3.0,2.0,1.0,1.0,20.0,2.0,2.0,2.0,1.0,3.0,Math,980
1.0,2.0,1.0,1.0,17.0,1.0,2.0,2.0,1.0,3.0,,982
2.0,2.0,1.0,2.0,23.0,1.0,2.0,2.0,1.0,4.0,,984
2.0,3.0,2.0,1.0,17.0,1.0,2.0,2.0,1.0,1.0,,985
1.0,1.0,1.0,2.0,16.0,1.0,2.0,2.0,1.0,3.0,,990
2.0,1.0,2.0,1.0,15.0,1.0,12.0,2.0,1.0,1.0,Astronomy,993
3.0,2.0,2.0,1.0,26.0,1.0,1.0,2.0,1.0,3.0,Linguistics,995
1.0,3.0,2.0,1.0,25.0,3.0,2.0,2.0,1.0,3.0,,996
0.0,2.0,2.0,2.0,17.0,1.0,12.0,2.0,1.0,1.0,Psychology,998
2.0,3.0,2.0,2.0,19.0,1.0,2.0,1.0,1.0,1.0,,1000
2.0,1.0,1.0,1.0,18.0,0.0,6.0,2.0,1.0,2.0,,1003
2.0,2.0,2.0,1.0,18.0,1.0,6.0,1.0,1.0,2.0,Science of speech and hearing,1004
1.0,3.0,2.0,1.0,19.0,1.0,2.0,2.0,1.0,3.0,,1005
2.0,1.0,2.0,1.0,18.0,1.0,1.0,2.0,1.0,2.0,,1006
1.0,2.0,1.0,1.0,17.0,3.0,12.0,2.0,1.0,3.0,,1008
3.0,2.0,2.0,1.0,30.0,1.0,6.0,2.0,1.0,3.0,History,1009
2.0,3.0,2.0,1.0,21.0,1.0,2.0,2.0,1.0,3.0,Anthropology,1010
1.0,2.0,1.0,1.0,17.0,1.0,4.0,2.0,1.0,2.0,,1013
2.0,3.0,2.0,1.0,32.0,2.0,12.0,2.0,2.0,1.0,Information security,1016
2.0,2.0,1.0,1.0,18.0,1.0,2.0,1.0,1.0,3.0,,1020
2.0,2.0,2.0,1.0,18.0,1.0,6.0,2.0,1.0,3.0,,1021
3.0,2.0,1.0,1.0,23.0,1.0,1.0,2.0,1.0,1.0,sociology,1022
3.0,2.0,2.0,1.0,20.0,1.0,2.0,1.0,1.0,2.0,Biochemistry ,1024
2.0,3.0,2.0,1.0,17.0,1.0,1.0,2.0,1.0,2.0,,1025
3.0,3.0,2.0,2.0,25.0,1.0,1.0,1.0,1.0,1.0,Psychology,1026
2.0,1.0,1.0,2.0,17.0,1.0,7.0,2.0,1.0,3.0,Food Technology,1027
3.0,2.0,1.0,1.0,22.0,1.0,2.0,2.0,1.0,2.0,Computational Linguistics,1029
4.0,2.0,2.0,2.0,24.0,2.0,8.0,2.0,1.0,1.0,medical science,1030
2.0,3.0,2.0,2.0,19.0,1.0,2.0,1.0,1.0,2.0,,1032
1.0,2.0,1.0,1.0,17.0,1.0,1.0,2.0,1.0,2.0,,1033
2.0,3.0,1.0,1.0,16.0,1.0,1.0,2.0,1.0,1.0,,1034
2.0,2.0,2.0,1.0,19.0,2.0,10.0,1.0,1.0,4.0,Computer science,1035
2.0,2.0,2.0,1.0,19.0,1.0,1.0,2.0,1.0,2.0,Psychology,1036
4.0,2.0,2.0,1.0,30.0,1.0,1.0,2.0,1.0,2.0,Biology,1040
2.0,2.0,1.0,1.0,21.0,1.0,2.0,2.0,1.0,2.0,Music,1045
2.0,3.0,1.0,1.0,14.0,3.0,4.0,2.0,1.0,1.0,,1046
2.0,1.0,1.0,1.0,49.0,1.0,2.0,1.0,2.0,4.0,,1047
2.0,2.0,1.0,1.0,17.0,1.0,6.0,2.0,1.0,2.0,,1048
2.0,2.0,1.0,2.0,18.0,1.0,1.0,2.0,1.0,2.0,Architecture ,1050
2.0,1.0,2.0,1.0,17.0,1.0,6.0,2.0,1.0,2.0,,1052
3.0,3.0,2.0,2.0,34.0,1.0,6.0,1.0,2.0,1.0,veterinary medicine,1054
3.0,1.0,2.0,1.0,29.0,1.0,12.0,2.0,2.0,2.0,psychology,1055
1.0,3.0,2.0,1.0,15.0,1.0,2.0,2.0,1.0,2.0,arts,1056
2.0,1.0,1.0,2.0,26.0,1.0,10.0,1.0,1.0,2.0,,1060
1.0,2.0,2.0,1.0,16.0,1.0,2.0,2.0,1.0,2.0,,1061
3.0,1.0,2.0,1.0,39.0,1.0,7.0,2.0,1.0,0.0,Psychology,1062
3.0,1.0,2.0,1.0,25.0,1.0,6.0,1.0,1.0,3.0,Dietetics,1063
3.0,3.0,2.0,2.0,23.0,1.0,1.0,1.0,1.0,3.0,,1064
2.0,2.0,2.0,1.0,19.0,1.0,9.0,1.0,1.0,1.0,music,1065
2.0,3.0,2.0,2.0,16.0,2.0,6.0,2.0,1.0,1.0,,1066
3.0,1.0,2.0,1.0,30.0,1.0,7.0,1.0,2.0,3.0,Arts,1067
3.0,2.0,2.0,1.0,37.0,1.0,2.0,2.0,1.0,1.0,English,1068
3.0,1.0,1.0,1.0,21.0,1.0,12.0,1.0,1.0,1.0,Music,1072
3.0,3.0,1.0,1.0,37.0,2.0,2.0,2.0,3.0,3.0,Psychology,1074
2.0,2.0,2.0,1.0,42.0,1.0,6.0,2.0,2.0,2.0,Electrical engineering,1077
2.0,1.0,0.0,1.0,18.0,1.0,2.0,2.0,1.0,2.0,History ,1078
3.0,1.0,2.0,1.0,28.0,1.0,12.0,1.0,2.0,4.0,Communications,1079
3.0,3.0,1.0,2.0,39.0,1.0,1.0,2.0,3.0,3.0,Computer Science ,1080
3.0,3.0,2.0,2.0,22.0,1.0,4.0,1.0,1.0,3.0,business administration,1081
1.0,3.0,2.0,1.0,14.0,1.0,10.0,2.0,1.0,4.0,,1082
4.0,3.0,1.0,1.0,30.0,1.0,2.0,2.0,1.0,2.0,psychology,1083
2.0,3.0,2.0,1.0,33.0,1.0,2.0,1.0,1.0,2.0,,1086
3.0,2.0,2.0,1.0,51.0,1.0,12.0,1.0,2.0,3.0,art +ACY- psychology,1087
1.0,2.0,2.0,1.0,20.0,1.0,7.0,2.0,1.0,2.0,,1088
2.0,3.0,2.0,1.0,34.0,1.0,6.0,1.0,2.0,3.0,,1089
2.0,2.0,2.0,1.0,16.0,1.0,10.0,2.0,1.0,3.0,,1091
2.0,2.0,1.0,2.0,19.0,1.0,2.0,1.0,1.0,4.0,,1092
2.0,3.0,2.0,2.0,18.0,1.0,9.0,2.0,1.0,2.0,Film,1093
2.0,3.0,1.0,2.0,18.0,1.0,2.0,2.0,1.0,2.0,psychology,1096
4.0,3.0,2.0,1.0,64.0,1.0,2.0,2.0,1.0,2.0,art history,1097
2.0,2.0,1.0,1.0,22.0,1.0,5.0,1.0,1.0,2.0,computer science,1098
3.0,1.0,2.0,1.0,25.0,1.0,2.0,2.0,1.0,2.0,fine arts,1099
3.0,2.0,2.0,1.0,19.0,1.0,12.0,2.0,1.0,2.0,psychology,1101
2.0,2.0,2.0,1.0,16.0,1.0,12.0,2.0,1.0,4.0,,1104
2.0,1.0,1.0,1.0,19.0,1.0,2.0,1.0,1.0,2.0,Psychology,1106
3.0,1.0,2.0,2.0,21.0,1.0,7.0,1.0,1.0,6.0,English,1107
3.0,2.0,2.0,1.0,19.0,1.0,7.0,2.0,1.0,2.0,Management,1108
4.0,3.0,2.0,1.0,63.0,2.0,9.0,2.0,1.0,1.0,history,1110
4.0,3.0,1.0,1.0,60.0,1.0,1.0,1.0,2.0,3.0,Economics,1111
4.0,2.0,1.0,1.0,49.0,1.0,1.0,2.0,3.0,2.0,business,1112
2.0,1.0,2.0,1.0,17.0,2.0,2.0,2.0,1.0,2.0,,1116
3.0,2.0,1.0,1.0,52.0,1.0,12.0,2.0,2.0,2.0,Economics,1117
4.0,3.0,1.0,1.0,50.0,1.0,1.0,2.0,2.0,3.0,library and information sciences,1119
2.0,2.0,2.0,1.0,15.0,1.0,2.0,2.0,1.0,2.0,N/A,1121
2.0,1.0,2.0,1.0,44.0,1.0,7.0,1.0,2.0,2.0,,1124
4.0,3.0,1.0,1.0,55.0,2.0,7.0,1.0,2.0,2.0,music+ADs- theology,1125
3.0,2.0,2.0,1.0,35.0,2.0,1.0,2.0,2.0,2.0,Geology,1127
4.0,2.0,2.0,1.0,48.0,1.0,2.0,1.0,2.0,3.0,neuroscience,1128
4.0,2.0,1.0,1.0,35.0,1.0,2.0,2.0,2.0,3.0,math,1129
1.0,2.0,1.0,1.0,15.0,2.0,1.0,2.0,1.0,2.0,,1130
1.0,2.0,2.0,2.0,15.0,3.0,6.0,2.0,1.0,2.0,,1132
3.0,2.0,2.0,1.0,47.0,1.0,2.0,2.0,2.0,2.0,Art,1133
4.0,2.0,2.0,1.0,51.0,2.0,1.0,1.0,1.0,2.0,English/philosophy/law,1135
1.0,2.0,2.0,1.0,15.0,1.0,0.0,2.0,1.0,3.0,,1136
4.0,1.0,2.0,1.0,52.0,1.0,1.0,2.0,2.0,2.0,Anthropology,1137
2.0,2.0,1.0,1.0,29.0,1.0,2.0,2.0,2.0,2.0,,1138
3.0,2.0,1.0,1.0,51.0,1.0,1.0,1.0,1.0,3.0,Math,1140
2.0,3.0,1.0,1.0,19.0,1.0,2.0,2.0,1.0,3.0,Computer Engineering,1141
3.0,2.0,1.0,1.0,21.0,1.0,1.0,2.0,1.0,2.0,Economics and History (double major),1143
4.0,3.0,1.0,1.0,44.0,2.0,1.0,2.0,2.0,2.0,psychology,1149
2.0,1.0,1.0,2.0,20.0,1.0,0.0,1.0,1.0,2.0,Computer Sciences,1150
4.0,3.0,2.0,1.0,26.0,1.0,2.0,2.0,1.0,1.0,Biology,1156
3.0,1.0,2.0,1.0,63.0,1.0,6.0,2.0,3.0,4.0,nursing,1157
2.0,3.0,1.0,1.0,16.0,1.0,2.0,2.0,1.0,2.0,,1160
4.0,3.0,2.0,1.0,57.0,1.0,1.0,2.0,2.0,2.0,Biology,1162
2.0,2.0,1.0,1.0,22.0,1.0,1.0,2.0,1.0,2.0,Physics,1163
3.0,2.0,2.0,1.0,25.0,1.0,1.0,2.0,1.0,3.0,geography,1164
4.0,2.0,2.0,1.0,49.0,2.0,2.0,1.0,2.0,5.0,Political Science,1165
3.0,3.0,1.0,2.0,29.0,1.0,2.0,1.0,1.0,2.0,,1166
1.0,1.0,2.0,1.0,19.0,1.0,2.0,2.0,1.0,3.0,,1168
4.0,2.0,2.0,1.0,44.0,1.0,6.0,1.0,1.0,3.0,Sociology,1170
4.0,1.0,1.0,2.0,34.0,1.0,2.0,2.0,1.0,4.0,Political Science,1171
2.0,1.0,2.0,2.0,26.0,1.0,12.0,1.0,1.0,4.0,,1173
4.0,2.0,2.0,1.0,36.0,1.0,1.0,2.0,2.0,3.0,chemistry,1175
3.0,2.0,1.0,1.0,56.0,1.0,9.0,2.0,2.0,3.0,Electrical Engineering,1176
2.0,2.0,1.0,1.0,66.0,1.0,2.0,2.0,2.0,3.0,communications,1177
1.0,3.0,1.0,1.0,15.0,1.0,2.0,2.0,1.0,2.0,,1180
2.0,3.0,1.0,2.0,22.0,2.0,2.0,1.0,1.0,5.0,,1183
3.0,1.0,1.0,1.0,33.0,1.0,3.0,2.0,2.0,4.0,Physics,1185
2.0,2.0,1.0,1.0,22.0,1.0,2.0,2.0,1.0,2.0,English/History,1186
3.0,2.0,2.0,1.0,52.0,1.0,12.0,2.0,2.0,3.0,English,1187
4.0,1.0,1.0,1.0,35.0,1.0,2.0,2.0,3.0,3.0,Philosophy,1189
4.0,1.0,1.0,1.0,45.0,1.0,7.0,1.0,2.0,2.0,mba,1190
4.0,1.0,1.0,1.0,33.0,1.0,6.0,1.0,2.0,2.0,Music,1195
3.0,2.0,1.0,1.0,35.0,1.0,1.0,2.0,2.0,3.0,Computer Science,1196
3.0,2.0,1.0,1.0,22.0,1.0,1.0,1.0,1.0,2.0,Physics,1198
2.0,2.0,1.0,1.0,17.0,2.0,7.0,2.0,1.0,1.0,,1200
2.0,2.0,1.0,1.0,20.0,1.0,2.0,2.0,1.0,2.0,,1202
4.0,3.0,1.0,1.0,45.0,1.0,1.0,2.0,2.0,2.0,civil engineering/history,1203
4.0,2.0,2.0,1.0,52.0,1.0,6.0,2.0,2.0,3.0,mechanical engineering,1205
4.0,3.0,2.0,1.0,45.0,1.0,9.0,2.0,2.0,2.0,History,1210
3.0,1.0,2.0,1.0,35.0,1.0,6.0,2.0,2.0,2.0,psychology,1213
2.0,2.0,2.0,1.0,18.0,1.0,1.0,2.0,1.0,1.0,biology,1214
4.0,2.0,2.0,1.0,28.0,1.0,2.0,1.0,1.0,3.0,mechanical engineering,1215
4.0,2.0,1.0,1.0,55.0,2.0,6.0,1.0,2.0,4.0,Econ,1217
4.0,2.0,2.0,2.0,53.0,1.0,6.0,2.0,3.0,3.0,Biology,1218
4.0,2.0,2.0,1.0,54.0,1.0,2.0,2.0,1.0,1.0,Italian,1221
2.0,2.0,1.0,2.0,36.0,1.0,2.0,1.0,1.0,1.0,Sociology,1225
2.0,2.0,1.0,1.0,60.0,1.0,7.0,1.0,2.0,5.0,,1228
3.0,2.0,2.0,1.0,22.0,1.0,4.0,2.0,1.0,4.0,english,1229
1.0,1.0,2.0,1.0,15.0,1.0,1.0,2.0,1.0,2.0,,1230
2.0,2.0,1.0,1.0,39.0,1.0,2.0,2.0,1.0,2.0,,1232
3.0,2.0,1.0,1.0,46.0,1.0,2.0,1.0,1.0,5.0,Physics,1235
4.0,2.0,1.0,1.0,55.0,3.0,6.0,2.0,2.0,3.0,physics,1236
4.0,1.0,1.0,1.0,33.0,1.0,10.0,2.0,2.0,2.0,Biochemistry,1239
4.0,1.0,1.0,1.0,45.0,1.0,6.0,1.0,2.0,3.0,International Relations,1242
4.0,2.0,2.0,1.0,44.0,1.0,2.0,1.0,1.0,1.0,Nursing,1243
4.0,2.0,1.0,2.0,53.0,2.0,6.0,2.0,2.0,2.0,Economics,1245
4.0,2.0,1.0,1.0,60.0,1.0,1.0,1.0,1.0,4.0,Philosophy,1248
4.0,2.0,1.0,1.0,47.0,1.0,2.0,2.0,2.0,2.0,Engineering,1250
3.0,2.0,2.0,1.0,60.0,2.0,4.0,2.0,2.0,5.0,General Science/Philosophy,1253
3.0,2.0,1.0,1.0,22.0,1.0,1.0,1.0,1.0,1.0,Geology,1254
2.0,1.0,2.0,1.0,18.0,1.0,4.0,2.0,1.0,2.0,Aerospace Engineering,1255
3.0,3.0,2.0,2.0,22.0,1.0,10.0,2.0,1.0,3.0,Math and computer science,1261
2.0,3.0,2.0,2.0,15.0,1.0,7.0,2.0,1.0,4.0,Medicin,1263
3.0,2.0,2.0,2.0,20.0,1.0,7.0,1.0,1.0,2.0,Naval engineering ,1264
3.0,1.0,1.0,1.0,35.0,1.0,4.0,1.0,2.0,4.0,Police Foindations,1265
4.0,1.0,2.0,1.0,29.0,1.0,1.0,1.0,2.0,2.0,English,1266
2.0,1.0,1.0,1.0,27.0,1.0,1.0,1.0,1.0,1.0,,1269
4.0,2.0,2.0,2.0,25.0,1.0,12.0,2.0,1.0,3.0,Psychology,1270
4.0,3.0,1.0,2.0,23.0,1.0,4.0,1.0,1.0,2.0,Economics,1271
3.0,2.0,2.0,1.0,23.0,1.0,1.0,2.0,1.0,4.0,Economics,1273
2.0,3.0,2.0,2.0,21.0,1.0,10.0,2.0,1.0,4.0,English ,1274
4.0,2.0,2.0,1.0,46.0,1.0,1.0,1.0,2.0,3.0,Psychology,1275
3.0,3.0,2.0,2.0,30.0,1.0,2.0,2.0,2.0,1.0,Physical therapy,1278
2.0,2.0,2.0,1.0,18.0,2.0,0.0,2.0,1.0,2.0,Chemical Engineering,1279
4.0,3.0,2.0,1.0,53.0,1.0,2.0,2.0,1.0,3.0,biology,1284
2.0,3.0,1.0,1.0,50.0,2.0,7.0,1.0,2.0,1.0,,1285
1.0,3.0,1.0,1.0,27.0,1.0,12.0,1.0,1.0,2.0,,1290
3.0,2.0,1.0,1.0,43.0,2.0,6.0,1.0,1.0,3.0,computer science,1291
2.0,1.0,1.0,1.0,25.0,1.0,6.0,2.0,1.0,10.0,,1299
2.0,1.0,2.0,1.0,20.0,1.0,4.0,2.0,1.0,7.0,Psychology,1302
1.0,3.0,2.0,1.0,18.0,1.0,4.0,2.0,1.0,2.0,,1303
3.0,2.0,2.0,1.0,29.0,1.0,12.0,1.0,1.0,2.0,Biology,1304
4.0,3.0,2.0,2.0,19.0,1.0,10.0,1.0,1.0,6.0,pyschology,1306
4.0,2.0,2.0,1.0,60.0,1.0,2.0,2.0,1.0,4.0,rhetoric,1311
3.0,3.0,1.0,1.0,55.0,1.0,2.0,1.0,1.0,4.0,Fine art sculpture,1312
3.0,2.0,1.0,1.0,20.0,1.0,4.0,1.0,1.0,3.0,Economics +ACY- Psychology,1313
3.0,2.0,1.0,1.0,20.0,1.0,12.0,2.0,1.0,1.0,Statistics,1314
1.0,3.0,1.0,1.0,14.0,1.0,2.0,2.0,1.0,5.0,Computer Science,1319
4.0,2.0,1.0,1.0,27.0,1.0,1.0,2.0,1.0,2.0,biology,1320
2.0,1.0,2.0,1.0,23.0,1.0,1.0,2.0,1.0,2.0,Theatre,1321
2.0,1.0,1.0,2.0,17.0,1.0,8.0,2.0,1.0,4.0,Psychology ,1323
3.0,1.0,1.0,2.0,56.0,1.0,4.0,1.0,1.0,8.0,education,1325
1.0,2.0,2.0,1.0,15.0,1.0,2.0,2.0,1.0,2.0,,1327
2.0,3.0,1.0,2.0,16.0,1.0,1.0,2.0,1.0,2.0,,1333
3.0,3.0,1.0,1.0,62.0,1.0,2.0,1.0,2.0,4.0,History,1334
4.0,2.0,1.0,1.0,58.0,1.0,6.0,1.0,2.0,3.0,mechanical engineering,1335
4.0,2.0,2.0,1.0,33.0,1.0,1.0,2.0,2.0,2.0,Psychology,1338
2.0,3.0,1.0,1.0,16.0,1.0,4.0,2.0,1.0,4.0,aerospace engineering ,1339
2.0,3.0,1.0,2.0,18.0,1.0,2.0,2.0,1.0,2.0,,1341
2.0,3.0,2.0,2.0,17.0,1.0,2.0,2.0,0.0,5.0,,1344
2.0,2.0,1.0,1.0,18.0,1.0,1.0,2.0,1.0,2.0,Architecture,1350
2.0,1.0,2.0,1.0,20.0,1.0,7.0,1.0,1.0,6.0,Mechatronics Engineering,1353
3.0,1.0,1.0,1.0,21.0,1.0,7.0,1.0,1.0,6.0,electrical engineering,1354
3.0,1.0,2.0,1.0,19.0,1.0,2.0,2.0,1.0,2.0,Psychology,1356
2.0,3.0,1.0,2.0,20.0,1.0,7.0,2.0,1.0,3.0,+ACI-+ACIAIg-hotel and restaurant management+ACIAIg-+ACI-,1357
2.0,1.0,1.0,2.0,23.0,1.0,1.0,2.0,1.0,3.0,business,1358
4.0,3.0,2.0,2.0,34.0,1.0,1.0,1.0,1.0,2.0,Economy and maths,1359
3.0,2.0,1.0,1.0,30.0,1.0,2.0,1.0,1.0,2.0,Computer Science,1360
0.0,2.0,1.0,1.0,42.0,1.0,4.0,2.0,2.0,1.0,communications,1361
2.0,1.0,2.0,1.0,18.0,1.0,1.0,2.0,1.0,3.0,,1362
3.0,2.0,2.0,1.0,22.0,1.0,4.0,2.0,1.0,3.0,English,1363
4.0,3.0,1.0,1.0,34.0,1.0,5.0,1.0,2.0,4.0,Family Therapy,1364
2.0,3.0,1.0,2.0,25.0,1.0,2.0,1.0,1.0,3.0,,1366
3.0,1.0,1.0,1.0,53.0,1.0,12.0,1.0,2.0,2.0,English,1368
3.0,2.0,2.0,1.0,24.0,1.0,1.0,1.0,1.0,5.0,Biochemistry,1370
4.0,3.0,2.0,1.0,51.0,1.0,12.0,1.0,2.0,2.0,Biochemical Engineering,1373
2.0,3.0,2.0,1.0,17.0,3.0,5.0,2.0,1.0,1.0,,1375
3.0,3.0,2.0,1.0,22.0,1.0,1.0,2.0,1.0,3.0,Art Education,1378
3.0,3.0,1.0,2.0,24.0,1.0,1.0,2.0,1.0,2.0,IT,1381
1.0,2.0,2.0,1.0,16.0,1.0,9.0,2.0,1.0,2.0,,1383
3.0,2.0,2.0,1.0,53.0,1.0,2.0,2.0,1.0,2.0,sociology,1385
2.0,3.0,2.0,2.0,18.0,1.0,8.0,2.0,1.0,2.0,biomedical engineering,1386
2.0,2.0,3.0,1.0,17.0,1.0,1.0,2.0,1.0,2.0,,1388
3.0,2.0,2.0,1.0,21.0,1.0,2.0,2.0,1.0,2.0,Computer Science,1389
3.0,2.0,2.0,1.0,28.0,2.0,2.0,2.0,1.0,0.0,Science,1390
